,a0_rv,a1,a2,a3,rho1_rv,rho2_rv,rho3_rv
a0_rv,1,,,,,,
a1,-0.634786241,1,,,,,
a2,-0.440213939,-0.236652615,1,,,,
a3,0.087609114,-0.111297654,-0.586629517,1,,,
rho1_rv,0.567281717,-0.175658803,-0.326975125,-0.104693213,1,,
rho2_rv,-0.019030495,0.392020859,-0.000978436,-0.564124883,0.068633368,1,
rho3_rv,-0.343154673,-0.157169209,0.721471716,-0.402998779,-0.131874721,-0.253234606,1