SSP,Convergence rate,Decay rate
SSP1,0.008967453,0.005215835
SSP2,0.001276993,0.011064426
SSP4,0.001867587,0.0034616
SSP5,0.003470952,0.00430531