SSP,Convergence rate,Decay rate
SSP1,0.006205028,0.00593052
SSP2,0.004190444,0.007228942
SSP4,0.006895296,0.009651277
SSP5,0.007766807,0.003843256